item_id,question,option_a,option_b,option_c,option_d,gold_answer,passage,rating,unusable,notes
# Q1 -- ANSWERABILITY WITHOUT THE PASSAGE.  Fill `rating` (1-4) for every row.
# Imagine a typical secondary-school student who has studied general science but has NOT
# studied this particular topic, and who has NOT read the passage. They see only the
# question and the four options. How likely are they to pick the correct answer?
#   1 = Very unlikely  (they would have to guess; the passage is doing all the work)
#   2 = Unlikely       (might narrow to two options, could not reliably choose)
#   3 = Likely         (general knowledge or a clue in the wording usually gets them there)
#   4 = Very likely    (obvious from question and options alone)
# No middle option, on purpose. Commit to a side.
# If a row is unusable (passage about a different topic, incoherent question, duplicate
# options), put X in `unusable` and leave `rating` blank. Do not rate it.
# Do NOT judge whether the keyed answer is factually right, whether the passage is well
# written, or whether YOU know the answer. Judge the imagined student.
# Work top to bottom. Do not reorder rows.
595,What term is used to describe organic compounds such as sugars and starches?,proteins,vegetables,fats,carbohydrates,carbohydrates,Carbohydrates are organic compounds such as sugars and starches. They provide energy and form structures such as cell walls.,4,,"The answer is obvious from general science knowledge, and the other options are clearly unsuitable."
712,A battery is a multiple connection of what kind of cells?,voltaic cells,cabri cells,organic cells,localweather cells,voltaic cells,"Multiple Voltage Sources There are two voltage sources when a battery charger is used. Voltage sources connected in series are relatively simple. When voltage sources are in series, their internal resistances add and their emfs add algebraically. (See Figure 21.15. ) Series connections of voltage sources are common—for example, in flashlights, toys, and other appliances. Usually, the cells are in series in order to produce a larger total emf. But if the cells oppose one another, such as when one is put into an appliance backward, the total emf is less, since it is the algebraic sum of the individual emfs. A battery is a multiple connection of voltaic cells, as shown in Figure 21.16. The disadvantage of series connections of cells is that their internal resistances add. One of the authors once owned a 1957 MGA that had two 6-V batteries in series, rather than a single 12-V battery. This arrangement produced a large internal resistance that caused him many problems in starting the engine.",3,,"The term “voltaic cells” may not be familiar to every student, but general science knowledge and the clearly implausible distractors make the answer likely."
245,Mollusks have a true coelom and a complete what?,tissues system,nerve system,skeletal system,digestive system,digestive system,"Mollusks have a true coelom and complete digestive system. They also have circulatory and excretory systems. They have a heart that pumps blood, and organs that filter out wastes from the blood.",3,,"A student with general biology knowledge could likely identify “digestive system,” although the specific fact about mollusks is not completely obvious."
402,"Control of the body can be somatic or autonomic, offering one way to divide what organ system by function?",nervous system,circulatory system,central system,cardiovascular system,nervous system,"Functional Divisions of the Nervous System The nervous system can also be divided on the basis of its functions, but anatomical divisions and functional divisions are different. The CNS and the PNS both contribute to the same functions, but those functions can be attributed to different regions of the brain (such as the cerebral cortex or the hypothalamus) or to different ganglia in the periphery. The problem with trying to fit functional differences into anatomical divisions is that sometimes the same structure can be part of several functions. For example, the optic nerve carries signals from the retina that are either used for the conscious perception of visual stimuli, which takes place in the cerebral cortex, or for the reflexive responses of smooth muscle tissue that are processed through the hypothalamus. There are two ways to consider how the nervous system is divided functionally. First, the basic functions of the nervous system are sensation, integration, and response. Secondly, control of the body can be somatic or autonomic—divisions that are largely defined by the structures that are involved in the response. There is also a region of the peripheral nervous system that is called the enteric nervous system that is responsible for a specific set of the functions within the realm of autonomic control related to gastrointestinal functions.",4,,"“Somatic” and “autonomic” are strong clues pointing to the nervous system, while the other options are clearly unsuitable."
380,Cells that have a nucleus and other organelles which are membrane-bound are generally called what kinds of cells?,Megakaryocyte,Erythrocyte,eukaryotic,Monocyte,eukaryotic,Eukaryotic cells have a nucleus and other membrane-bound organelles. This allows these cells to have complex functions.,4,,"This is a basic biology definition of eukaryotic cells, and the wording directly matches the correct option."
832,Assume a molecule must cross the plasma membrane into what?,cell,circle,shell,atom,cell,5. Assume a molecule must cross the plasma membrane into a cell. The molecule is a very large protein. How will it be transported into the cell? Explain your answer.,4,,"The question strongly suggests “cell” from the basic concept of a plasma membrane, and the other options are clearly inappropriate."
454,Channel proteins form what in the membrane?,atoms,fibers,pores,walls,pores,"Channel proteins form pores, or tiny holes, in the membrane. This allows water molecules and small ions to pass through the membrane without coming into contact with the hydrophobic tails of the lipid molecules in the interior of the membrane.",4,,"The term “channel proteins” strongly suggests that they form pores or passageways in the membrane, making the correct option highly apparent."
15,How does a neon light produce visible light?,mitosis,electroluminescence,radiation,luminescence,electroluminescence,"A neon light produces visible light by electroluminescence. The bulb is a glass tube that contains the noble gas neon. When electricity passes through the gas, it excites electrons of neon atoms, causing them to give off visible light. Neon produces red light. Other noble gases are also used in lights, and they produce light of different colors. For example, krypton produces violet light, and argon produces blue light.",2,,"“Electroluminescence” is a specialized term, and a student could reasonably confuse it with the more familiar “radiation” or “luminescence.”"
0,"Compounds that are capable of accepting electrons, such as o 2 or f2, are called what?",Oxygen,antioxidants,residues,oxidants,oxidants,"Oxidants and Reductants Compounds that are capable of accepting electrons, such as O 2 or F2, are calledoxidants (or oxidizing agents) because they can oxidize other compounds. In the process of accepting electrons, an oxidant is reduced. Compounds that are capable of donating electrons, such as sodium metal or cyclohexane (C6H12), are calledreductants (or reducing agents) because they can cause the reduction of another compound. In the process of donating electrons, a reductant is oxidized. These relationships are summarized in Equation 3.30: Equation 3.30 Saylor URL: http://www. saylor. org/books.",1,,"The options provide little reliable clue: “oxygen” appears in the question, while “antioxidants” is a plausible but opposite-sounding distractor. The correct term is difficult to identify without the passage."
648,Railroad tracks and roadways can buckle on hot days if they lack sufficient what?,attraction joints,cartilaginous joints,contraction joints,expansion joints,expansion joints,"Forces and pressures created by thermal stress are typically as great as that in the example above. Railroad tracks and roadways can buckle on hot days if they lack sufficient expansion joints. (See Figure 13.14. ) Power lines sag more in the summer than in the winter, and will snap in cold weather if there is insufficient slack. Cracks open and close in plaster walls as a house warms and cools. Glass cooking pans will crack if cooled rapidly or unevenly, because of differential contraction and the.",4,,"The idea of thermal expansion is common in general science, and “expansion joints” is strongly indicated by the phenomenon described."
151,"During evolution, something happened to increase the size of what organ in humans, relative to that of the chimpanzee?",liver,brain,lung,stomach,brain,"Compared with the nearest evolutionary relative, the chimpanzee, the human has a brain that is huge. At a point in the past, a common ancestor gave rise to the two species of humans and chimpanzees. That evolutionary history is long and is still an area of intense study. But something happened to increase the size of the human brain relative to the chimpanzee. Read this article (http://openstaxcollege. org/l/hugebrain) in which the author explores the current understanding of why this happened. According to one hypothesis about the expansion of brain size, what tissue might have been sacrificed so energy was available to grow our larger brain? Based on what you know about that tissue and nervous tissue, why would there be a trade-off between them in terms of energy use?.",4,,"Common knowledge that the human brain is much larger relative to chimpanzees as part of human evolution; liver, lung, and stomach have no established link to this specific comparison, making ""brain"" the obvious choice."
211,"What type of behaviors are rigid and predictable, and usually involve basic life functions?",impulsive behaviors,protective behaviors,diverse behaviors,innate behaviors,innate behaviors,"Innate behaviors are rigid and predictable. All members of the species perform the behaviors in the same way. Innate behaviors usually involve basic life functions, such as finding food or caring for offspring. Several examples are shown in Figure below . If an animal were to perform such important behaviors incorrectly, it would be less likely to survive or reproduce.",3,,"""Rigid and predictable"" semantically rules out ""impulsive"" (implies spontaneity) and ""diverse"" (implies variation); reaching ""innate"" still requires recognizing it as the standard term for instinctive, inborn behavior from the nature-vs-learned-behavior unit, so it takes a bit of reasoning rather than being instantly obvious."
367,What type of telescopes collect and focus radio waves from distant objects?,reflecting telescopes,radio telescopes,refracting telescopes,space telescopes,radio telescopes,Radio telescopes collect and focus radio waves from distant objects.,4,,"The stem's ""radio waves"" directly echoes ""radio telescopes"" — a straightforward word-matching giveaway that needs no astronomy background."
119,What forms when nitrogen and sulfur oxides in air dissolve in rain?,acid snow,dioxide rain,acid rain,carbon rain,acid rain,Acid rain forms when nitrogen and sulfur oxides in air dissolve in rain ( Figure below ). This forms nitric and sulfuric acids. Both are strong acids. Acid rain with a pH as low as 4.0 is now common in many areas. Acid fog may be even more acidic than acid rain. Fog with a pH as low as 1.7 has been recorded. That’s the same pH as toilet bowl cleaner!.,4,,"""Acid rain"" is a very widely known term from general environmental/science education, well beyond specialist knowledge; the other three options (""acid snow"", ""dioxide rain"", ""carbon rain"") sound invented and are easy to rule out."
116,"What is the study of water movement, including waves and ocean currents?",thermal oceanography,physical oceanography,theoretical oceanography,experimental oceanography,physical oceanography,"There are many branches of oceanography. Physical oceanography is the study of water movement, like waves and ocean currents. Physical oceanographers ask when or if a tsunami will hit a shoreline. Marine geologists look at rocks and structures in the ocean basins. These scientists ask how new ocean crust forms. Chemical oceanographers study the natural elements in ocean water. Chemical oceanographers might be concerned with where carbon dioxide goes in the oceans. Marine biologists look at marine life. There are lots of questions to ask about marine life!.",3,,"None of the four ""___ oceanography"" branch names are common vocabulary for a general-science student, but ""physical"" loosely evokes physics (motion, waves, currents), giving a moderate clue rather than a direct word match."
207,"Unipolar, bipolar, multipolar, and pseudounipolar are the four basic types of what?",ions,electrons,protons,neurons,neurons,"While there are many defined neuron cell subtypes, neurons are broadly divided into four basic types: unipolar, bipolar, multipolar, and pseudounipolar. Figure 35.5 illustrates these four basic neuron types. Unipolar neurons have only one structure that extends away from the soma. These neurons are not found in vertebrates but are found in insects where they stimulate muscles or glands. A bipolar neuron has one axon and one dendrite extending from the soma. An example of a bipolar neuron is a retinal bipolar cell, which receives signals from photoreceptor cells that are sensitive to light and transmits these signals to ganglion cells that carry the signal to the brain. Multipolar neurons are the most common type of neuron. Each multipolar neuron contains one axon and multiple dendrites. Multipolar neurons can be found in the central nervous system (brain and spinal cord). An example of a multipolar neuron is a Purkinje cell in the cerebellum, which has many branching dendrites but only one axon. Pseudounipolar cells share characteristics with both unipolar and bipolar cells. A pseudounipolar cell has a single process that extends from the soma, like a unipolar cell, but this process later branches into two distinct structures, like a bipolar cell. Most sensory neurons are pseudounipolar and have an axon that branches into two extensions: one connected to dendrites that receive sensory information and another that transmits this information to the spinal cord.",1,,"This unipolar/bipolar/multipolar/pseudounipolar classification is specialized neuroanatomy vocabulary a general-science student is unlikely to have met; worse, ""polar"" terminology more commonly evokes physics/chemistry (charge, magnet poles, polar molecules), which could actively mislead them toward ions/electrons/protons instead of neurons."
805,Certain air pollutants form which liquid when dissolved in water droplets in the air?,acid,water,base,citrus,acid,"Acidity is an important factor for living things. For example, many plants grow best in soil that has a pH between 6 and 7. Fish may also need a pH between 6 and 7. Certain air pollutants form acids when dissolved in water droplets in the air. This results in acid fog and acid rain, which may have a pH of 4 or even lower. The pH chart in the Figure above and the Figure below reveal some of the adverse effects of acid fog and rain. Acid rain not only kills trees. It also lowers the pH of surface waters such as ponds and lakes. As a result, the water may become too acidic for fish and other water organisms to survive.",3,,"""Citrus"" is an obviously irrelevant option, and ""water"" can be logically ruled out since the droplets are already described as water; this leaves acid vs. base, where the common general-knowledge association of ""air pollution"" with ""acid rain"" gives a real nudge toward the correct answer."
274,The amniotic egg is a shared ancestral character for which clade?,trichina,amniota,avian,xerophyte,amniota,"What is the largest clade in this diagram? Shared Characteristics Organisms evolve from common ancestors and then diversify. Scientists use the phrase “descent with modification” because even though related organisms have many of the same characteristics and genetic codes, changes occur. This pattern repeats over and over as one goes through the phylogenetic tree of life: 1. A change in the genetic makeup of an organism leads to a new trait which becomes prevalent in the group. Many organisms descend from this point and have this trait. New variations continue to arise: some are adaptive and persist, leading to new traits. With new traits, a new branch point is determined (go back to step 1 and repeat). If a characteristic is found in the ancestor of a group, it is considered a shared ancestral character because all of the organisms in the taxon or clade have that trait. The vertebrate in Figure 20.10 is a shared ancestral character. Now consider the amniotic egg characteristic in the same figure. Only some of the organisms in Figure 20.10 have this trait, and to those that do, it is called a shared derived character because this trait derived at some point but does not include all of the ancestors in the tree. The tricky aspect to shared ancestral and shared derived characters is the fact that these terms are relative. The same trait can be considered one or the other depending on the particular diagram being used. Returning to Figure 20.10, note that the amniotic egg is a shared ancestral character for the Amniota clade, while having hair is a shared derived character for some organisms in this group. These terms help scientists distinguish between clades in the building of phylogenetic trees.",4,,"Strong lexical match between ""amniotic"" in the stem and ""amniota"" in the option is a giveaway on its own, and ""xerophyte"" (a plant term) is trivially irrelevant to an animal clade question, leaving little real competition."
285,"What broad group of organisms is characterized by sensory organs, the ability to move, internal digestion and sexual reproduction?",plants,animals,protists,fungi,animals,"Animals are multicellular eukaryotes that lack cell walls. All animals are heterotrophs. They have sensory organs, the ability to move, and internal digestion. They also have sexual reproduction.",4,,"""Sensory organs"" and ""ability to move"" together point uniquely to animals; plants and fungi are immobile and protists lack sensory organs, so a, c, d are all easy to rule out."
679,Solutions of nonelectrolytes such as ethanol do not contain dissolved ions and cannot conduct what?,sound,light,current,electricity,electricity,Figure 11.7 Solutions of nonelectrolytes such as ethanol do not contain dissolved ions and cannot conduct electricity. Solutions of electrolytes contain ions that permit the passage of electricity. The conductivity of an electrolyte solution is related to the strength of the electrolyte.,2,,"""Sound"" and ""light"" are trivially eliminated, but ""current"" and ""electricity"" are near-synonyms in this context, leaving the student genuinely torn between two plausible options rather than able to reliably pick the keyed one."
31,What is the term for the total kinetic energy of moving particles of matter?,thermal energy,Newton's energy,mechanical energy,heavy energy,thermal energy,The total kinetic energy of moving particles of matter is called thermal energy.,4,,"Kinetic theory of matter (heat = motion of particles) is standard basic-science curriculum, and ""Newton's energy""/""heavy energy"" are invented-sounding terms that are easy to rule out, leaving thermal energy as the clear pick over mechanical energy."
413,What is added to a measured portion of a more concentrated stock solution to achieve a particular concentration?,pigment,yeast,water,solvent,solvent,"Dilution is also a common means of preparing solutions of a desired concentration. By adding solvent to a measured portion of a more concentrated stock solution, we can achieve a particular concentration. For example, commercial pesticides are typically sold as solutions in which the active ingredients are far more concentrated than is appropriate for their application. Before they can be used on crops, the pesticides must be diluted. This is also a very common practice for the preparation of a number of common laboratory reagents (Figure 3.17).",2,,"Pigment/yeast are obviously irrelevant, but ""water"" is a very strong intuitive distractor for ""what do you dilute with"" even though the keyed/technical term is ""solvent"" — a typical student is genuinely torn between the two."
825,What is defined by its sequence of nucleotides?,proteins acids,amino acids,structural acids,nucleic acids,nucleic acids,"Like proteins, nucleic acids have a primary structure that is defined as the sequence of their nucleotides. Unlike proteins, which have 20 different kinds of amino acids, there are only 4 different kinds of nucleotides in nucleic acids. For amino acid sequences in proteins, the convention is to write the amino acids in order starting with the Nterminal amino acid. In writing nucleotide sequences for nucleic acids, the convention is to write the nucleotides (usually using the one-letter abbreviations for the bases, shown in Figure 19.5 ""Structure of a Segment of DNA"") starting with the nucleotide having a free phosphate group, which is known as the 5′ end, and indicate the nucleotides in order. For DNA, a lowercase d is often written in front of the sequence to indicate that the monomers are deoxyribonucleotides. The final nucleotide has a free OH group on the 3′ carbon atom and is called the 3′ end. The sequence of nucleotides in the DNA segment shown in Figure 19.5 ""Structure of a Segment of DNA"" would be written 5′-dGdT-dA-dC-3′, which is often further abbreviated to dGTAC or just GTAC.",4,,"Strong lexical match between ""nucleotide"" in the stem and ""nucleic acids"" in option d gives an obvious surface-level cue, and the other three options are either fabricated or clearly mismatched (amino acids relate to proteins, not nucleotide sequence)."
266,"What term is used to describe  the variety of life and its processes, including the variety of living organisms, the genetic differences among them, and the communities and ecosystems in which they occur?",biodiversity,biosphere,evolution,habitat,biodiversity,"Biodiversity refers to the variety of life and its processes, including the variety of living organisms, the genetic differences among them, and the communities and ecosystems in which they occur. Scientists have identified about 1.9 million species alive today. They are divided into the six kingdoms of life shown in Figure below . Scientists are still discovering new species. Thus, they do not know for sure how many species really exist today. Most estimates range from 5 to 30 million species.",4,,"The stem's ""diversity of life"" almost directly echoes ""biodiversity"" — a classic definition-matching giveaway that needs no domain knowledge, just reading the words."
20,Paracrine signals move by what method through the extracellular matrix?,diffusion,deposition,transfusion,osmosis,diffusion,"Paracrine Signaling Signals that act locally between cells that are close together are called paracrine signals. Paracrine signals move by diffusion through the extracellular matrix. These types of signals usually elicit quick responses that last only a short amount of time. In order to keep the response localized, paracrine ligand molecules are normally quickly degraded by enzymes or removed by neighboring cells. Removing the signals will reestablish the concentration gradient for the signal, allowing them to quickly diffuse through the intracellular space if released again. One example of paracrine signaling is the transfer of signals across synapses between nerve cells. A nerve cell consists of a cell body, several short, branched extensions called dendrites that receive stimuli, and a long extension called an axon, which transmits signals to other nerve cells or muscle cells. The junction between nerve cells where signal transmission occurs is called a synapse. A synaptic signal is a chemical signal that travels between nerve cells. Signals within the nerve cells are propagated by fast-moving electrical impulses. When these impulses reach the end of the axon, the signal continues on to a dendrite of the next cell by the release of chemical ligands called neurotransmitters by the presynaptic cell (the cell emitting the signal). The neurotransmitters are transported across the very small distances between nerve cells, which are called chemical synapses (Figure 9.3). The small distance between nerve cells allows the signal to travel quickly; this enables an immediate response, such as, Take your hand off the stove! When the neurotransmitter binds the receptor on the surface of the postsynaptic cell, the electrochemical potential of the target cell changes, and the next electrical impulse is launched. The neurotransmitters that are released into the chemical synapse are degraded quickly or get reabsorbed by the presynaptic cell so that the recipient nerve cell can recover quickly and be prepared to respond rapidly to the next synaptic signal.",3,,"""Paracrine signaling"" itself is specialized vocabulary, but ""transfusion"" (blood-specific) and ""deposition"" (sediment/geology term) are easy to eliminate as unrelated; between diffusion and osmosis — both commonly-taught transport mechanisms — the commonly known distinction that osmosis is specifically water movement (not general molecule movement) should steer a student toward diffusion."
780,Questioning claims based on their scientific verifiability rather than accepting claims based on faith or anecdotes is called what?,scientific fact,scientific extreme,scientific skepticism,scientific mimicry,scientific skepticism,Scientific skepticism questions claims based on their scientific verifiability rather than accepting claims based on faith or anecdotes. Scientific skepticism uses critical thinking to analyze such claims and opposes claims which lack scientific evidence.,4,,"""Questioning claims"" semantically matches ""skepticism"" directly; ""scientific fact"" is logically the opposite of questioning (fact = accepted truth), and the other two distractors are invented-sounding phrases, leaving little real competition."
830,What occurs when excess carbon dioxide in the atmosphere causes the oceans to become acidic?,ocean vaporization,desalinization,ocean acidification,acid rain,ocean acidification,"Ocean acidification occurs when excess carbon dioxide in the atmosphere causes the oceans to become acidic. Burning fossil fuels has led to an increase in carbon dioxide in the atmosphere. This carbon dioxide is then absorbed by the oceans, which lowers the pH of the water. Ocean acidification can kill corals and shellfish. It may also cause marine organisms to reproduce less, which could harm other organisms in the food chain. As a result, there also may be fewer marine organisms for humans to consume.",4,,"Direct word echo between ""become acidic"" in the stem and ""acidification"" in the option; ""acid rain"" is a plausible acid-themed distractor but is about rain, not oceans becoming acidic, so context steers away from it; vaporization/desalinization are unrelated to acidity."
771,Hydrogen-based fuel cells were and are used to provide what for manned space vehicles?,electricity,gravity,light,magnetism,electricity,"Hydrogen-based fuel cells were and are used to provide electricity for manned space vehicles, partly because their only chemical product is water, which could be used for drinking. However, there has been a recent resurgence in interest in fuel cells because of their potential use in electric cars. Most electric cars run on conventional batteries, which can be very heavy and expensive to replace. It is thought that fuel cells, rather than conventional batteries, might be better sources of electricity for automobiles. Several current barriers to fuel cell use in electric cars include capacity, cost, and overall energy efficiency. The 2008 Honda FCX, the first production model of a vehicle powered with a fuel cell, can hold 4.1 kg (just under 9 lb) of highly pressured H2 gas and has a range of 450 km (280 mi). It costs about $120,000–$140,000 to build, making the vehicle beyond the ability of most people to own. Finally, it always requires more energy to produce elemental hydrogen as a fuel than can be extracted from hydrogen as a fuel. As such, hydrogen is described as an energy carrier (like electricity) rather than an energy source (like oil and gas). This distinction points out a fundamental argument against fuel cells as a “better” power source.",4,,"Fuel cells generating electricity is common general knowledge (used in cars, spacecraft); ""gravity"" is logically impossible for a fuel cell to produce, and light/magnetism aren't typical fuel-cell outputs either."
468,What type of components of the biosphere do chemical elements and water pass through during ecosystem recycle?,photic and aphotic,water and air,biotic and abiotic,tropic and subtropic,biotic and abiotic,"The chemical elements and water that are needed by organisms continuously recycle in ecosystems. They pass through biotic and abiotic components of the biosphere. That’s why their cycles are called biogeochemical cycles . For example, a chemical might move from organisms ( bio ) to the atmosphere or ocean ( geo ) and back to organisms again. Elements or water may be held for various periods of time in different parts of a cycle.",3,,"""Biotic and abiotic"" is a very commonly taught paired term in general ecology (living vs. non-living components); ""photic/aphotic"" belongs to ocean-depth light zones and ""tropic/subtropic"" to climate zones, both clearly off-context, though ""water and air"" remains a plausible surface-level distractor."
238,What is the only light that people can see?,infrared light,visible light,UV light,spectrum light,visible light,Visible light consists of a very narrow range of wavelengths that falls between infrared light and ultraviolet light. It is the only light that people can see. Different wavelengths of visible light appear as different colors.,4,,"""The only light people can see"" is essentially the definition of ""visible"" — an almost literal word match requiring no physics background beyond basic vocabulary."
128,What opens two strands of dna?,helicase,adenylate,replication,chromosome,helicase,"DNA replication. The two DNA strands are opened by helicase. The strands are held open by a single strand of binding proteins, preventing premature reannealing. Topoisomerase solves the problem caused by tension generated by winding/unwinding of DNA. This enzyme wraps around DNA and makes a cut permitting the helix to spin and relax. Once DNA is relaxed, topoisomerase reconnects broken strands. DNA primase synthesizes a short RNA primer which initiates the Okazaki fragment. Okazaki fragments are attached by DNA ligase.",2,,"""Helicase"" is a specific enzyme name that a general-science student may not recall; ""chromosome"" is easy to rule out (a structure, not an action), but ""replication"" is a strong semantic distractor since strand-opening happens during replication, so a student could plausibly (and incorrectly) pick the umbrella process instead of the specific enzyme."
222,What are the majority of solution properties dependent upon?,similar state of solute,acid state of solute,gas state of solute,chemical state of solute,chemical state of solute,"The properties of a solution are different from those of either the pure solute(s) or solvent. Many solution properties are dependent upon the chemical identity of the solute. Compared to pure water, a solution of hydrogen chloride is more acidic, a solution of ammonia is more basic, a solution of sodium chloride is more dense, and a solution of sucrose is more viscous. There are a few solution properties, however, that depend only upon the total concentration of solute species, regardless of their identities. These colligative properties include vapor pressure lowering, boiling point elevation, freezing point depression, and osmotic pressure. This small set of properties is of central importance to many natural phenomena and technological applications, as will be described in this module.",2,,"None of the four phrasings are standard chemistry terminology, making this hard to reason through; ""gas state"" and ""acid state"" can be loosely ruled out as overly narrow for a general question about solution properties, but choosing ""chemical state"" over ""similar state"" is more a guess based on which phrase sounds more general/plausible than real knowledge."
63,"Nephrons, renal tubules and the loop of henle are part of the process of blood filtration by what organs?",kidneys,bladder,liver,lungs,kidneys,"Kidney Function and Physiology Kidneys filter blood in a three-step process. First, the nephrons filter blood that runs through the capillary network in the glomerulus. Almost all solutes, except for proteins, are filtered out into the glomerulus by a process called glomerular filtration. Second, the filtrate is collected in the renal tubules. Most of the solutes get reabsorbed in the PCT by a process called tubular reabsorption. In the loop of Henle, the filtrate continues to exchange solutes and water with the renal medulla and the peritubular capillary network. Water is also reabsorbed during this step. Then, additional solutes and wastes are secreted into the kidney tubules during tubular secretion, which is, in essence, the opposite process to tubular reabsorption. The collecting ducts collect filtrate coming from the nephrons and fuse in the medullary papillae. From here, the papillae deliver the filtrate, now called urine, into the minor calyces that eventually connect to the ureters through the renal pelvis. This entire process is illustrated in Figure 41.7.",4,,"""Nephron"" and ""loop of Henle"" are terms almost universally associated with kidney anatomy in general secondary biology (excretory system unit); bladder, liver, and lungs are trivially eliminated as unrelated to these specific structures."
228,"What process, which is in many ways the opposite of photosynthesis, shows the interdependence of producers and consumers?",cellular respiration,decomposition,osmosis,primarily respiration,cellular respiration,"Cellular respiration, in many ways the opposite of photosynthesis, shows the interdependence of producers and consumers. Combined, the two equations demonstrate how energy flows and the carbon and oxygen cycle between organisms and environment.",4,,"""Cellular respiration is the opposite of photosynthesis"" is one of the most commonly taught facts in general biology (carbon/oxygen cycle, producers vs. consumers); decomposition and osmosis are clearly different processes, and ""primarily respiration"" reads as an awkward corrupted phrase rather than a real competing term."
250,What is the official name for the study of life?,chemistry,biology,geology,botany,biology,"The study of biology is the study of life. Concept Biology Advanced is the CK-12 Foundation's most extensive material describing the study of life. Concept Biology Advanced presents biology as a set of 18 concepts, with each concept centered around a specific category, such as cell biology or plants. Each concept is comprised of a series of lessons, with each lesson focusing on one specific topic. The complete Concept Biology Advanced is comprised of over 550 lessons. This material has been developed to complement the most advanced secondary-level biology course.",4,,"Elementary-level general knowledge — ""biology"" as the study of life is known well beyond any specific coursework."
167,What cells are the basis of nervous tissue?,lipocytes,neurons,erythrocytes,osteoclasts,neurons,"Neurons Neurons are the cells considered to be the basis of nervous tissue. They are responsible for the electrical signals that communicate information about sensations, and that produce movements in response to those stimuli, along with inducing thought processes within the brain. An important part of the function of neurons is in their structure, or shape. The threedimensional shape of these cells makes the immense numbers of connections within the nervous system possible.",4,,"Direct semantic match between ""nervous tissue"" and ""neurons"" (nerve cells) is common knowledge even outside formal biology class; the other three cell types are unrelated and trivially eliminated."
314,In a solution what is the substance a solute dissolves in is called?,atoms,gas,particles,solvent,solvent,"A solution forms when one substance dissolves in another. The substance that dissolves is called the solute . The substance it dissolves in is called the solvent . For example, ocean water is a solution in which the solute is salt and the solvent is water. In this example, a solid (salt) is dissolved in a liquid (water). However, matter in any state can be the solute or solvent in a solution. Solutions may be gases, liquids, or solids. In Table below and the video at the URL below, you can learn about solutions involving other states of matter.",4,,"Standard basic chemistry vocabulary — ""solute/solvent"" is a commonly taught pair; ""atoms"", ""gas"", and ""particles"" are generic terms that don't function as the specific technical name being asked for, making ""solvent"" stand out clearly."
277,A moraine is sediment deposited by what?,river erosion,human-caused scarring,glacier,wind,glacier,A moraine is sediment deposited by a glacier. A ground moraine is a thick layer of sediments left behind by a retreating glacier. An end moraine is a low ridge of sediments deposited at the end of the glacier. It marks the greatest distance the glacier advanced.,2,,"""Moraine"" is specialized geology vocabulary a general-science student likely hasn't met; ""human-caused scarring"" is trivially eliminated as out of place, but river erosion, glacier, and wind remain plausible natural depositional agents with no strong cue favoring glacier specifically."
392,The similarities and differences between the genomes confirm patterns of what?,phylum,evolution,fossils,variation,evolution,The similarities and differences between the genomes confirm patterns of evolution.,2,,"""Variation"" superficially echoes ""differences"" in the stem, creating real competition with ""evolution""; ""fossils"" also loosely relates to evidence-of-evolution topics, so the student can't cleanly isolate the keyed answer without deeper background."
692,What is it called when two plates slide past each other in opposite directions?,tectonic movement,plate divergence,transform plate boundary,transformation,transform plate boundary,"Two plates may slide past each other in opposite directions. This is called a transform plate boundary . The plates meet at a transform fault . As you might imagine, plates do not slide past each other easily. These plate boundaries experience massive earthquakes. The world’s best known transform fault is the San Andreas Fault in California ( Figure below ). At this fault, the Pacific and North American plates grind past each other. Transform plate boundaries are common as offsets along mid-ocean ridges. They are very small compared to transform faults on land.",2,,"Requires knowing the specific convergent/divergent/transform boundary classification; ""plate divergence"" is a real but wrong term easily confused with transform by someone who half-remembers the three types, and ""tectonic movement"" is a vague generic phrase that could attract a guessing student."
282,"A thermite reaction is thermodynamically spontaneous, and because it is associated with a significant release of heat, it is regarded as what?",endotropic,endothermic,biochemical,exothermic,exothermic,"Thermodynamic spontaneity. The highly exothermic and dramatic thermite reaction is thermodynamically spontaneous. Reactants of aluminum and a metal oxide, usually iron, which are stable at room temperature, are ignited either in the presence of heat or by the reaction of potassium permanganate and glycerin. The resulting products are aluminum oxide, free and molten elemental metal, and a great deal of heat, which makes this an excellent method for on-site welding. Because this reaction has its own oxygen supply, it can be used for underwater welding as well.",4,,"The stem's ""release of heat"" directly matches the standard definition of ""exothermic"" (exo- = out); ""biochemical"" and the invented ""endotropic"" are easy to rule out, leaving only the well-known endo/exo distinction to get right."
716,What do you call health-promoting molecules that inhibit the oxidation of other molecules?,neurotransmitters,hormones,nutrients,antioxidants,antioxidants,"Antioxidants are important for the health of a cell. An antioxidant is a molecule that inhibits the oxidation of other molecules. Oxidation is a chemical reaction that transfers electrons or hydrogen from a substance to an oxidizing agent, producing free radicals in the process. These free radicals initiate a chain reaction in the cell that can cause cell damage, or can lead to cell death. Antioxidants prevent these chain reactions from even initiating.",4,,"Strong word-root match between ""inhibit oxidation"" and ""antioxidants"" (anti- + oxidant), and ""antioxidants"" is also a widely familiar household/marketing term regardless of biology study; the other three options don't relate to oxidation at all."
497,"While numerous elements can undergo fission, only a few can be used as fuels in what nuclear devices?",reactors,colliders,laser beams,accelerators,reactors,"Numerous elements can undergo fission, but only a few can be used as fuels in a reactor. What aspect of nuclear fission allows a nuclear chain reaction to occur?.",3,,"""Nuclear reactors"" as the fuel-use device for fission is fairly well-known general/pop-science knowledge (nuclear power plants); ""colliders"" and ""accelerators"" are also nuclear-physics-sounding terms that could cause some hesitation, but ""fuel"" language points more naturally toward reactors than particle physics equipment."
38,How do very massive stars end their lives?,become super novas,become red supergiants,consumed by black hole,explode,become red supergiants,"A more massive star ends its life in a more dramatic way. Very massive stars become red supergiants . Unlike a red giant, when all the helium in a red supergiant is gone, fusion continues. Lighter atoms fuse into heavier atoms up to iron atoms. Creating elements heavier than iron through fusion uses more energy than it produces. For this reason, stars do not ordinarily form any heavier elements. When there are no more elements for the star to fuse, the core succumbs to gravity and collapses.",1,,"Keyed answer conflicts with common knowledge: the well-known pop-science fact is that massive stars end their lives in a supernova explosion, so a typical student would very likely pick ""become super novas"" or ""explode"" instead of the keyed ""become red supergiants"" — this passage appears to be one of the deliberately edited/altered items the guide warns about, but per the rules we still judge against the keyed answer regardless of factual accuracy."
25,"By the year 2050, 25 percent of the population of the united states will be 60 years of age or older. the cdc estimates that 80 percent of those 60 years and older have one or more chronic disease associated with deficiencies of this?",respiratory system,blood vessels,immune system,cardiovascular system,immune system,"Immune System By the year 2050, 25 percent of the population of the United States will be 60 years of age or older. The CDC estimates that 80 percent of those 60 years and older have one or more chronic disease associated with deficiencies of the immune systems. This loss of immune function with age is called immunosenescence. To treat this growing population, medical professionals must better understand the aging process. One major cause of age-related immune deficiencies is thymic involution, the shrinking of the thymus gland that begins at birth, at a rate of about three percent tissue loss per year, and continues until 35–45 years of age, when the rate declines to about one percent loss per year for the rest of one’s life. At that pace, the total loss of thymic epithelial tissue and thymocytes would occur at about 120 years of age. Thus, this age is a theoretical limit to a healthy human lifespan. Thymic involution has been observed in all vertebrate species that have a thymus gland. Animal studies have shown that transplanted thymic grafts between inbred strains of mice involuted according to the age of the donor and not of the recipient, implying the process is genetically programmed. There is evidence that the thymic microenvironment, so vital to the development of naïve T cells, loses thymic epithelial cells according to the decreasing expression of the FOXN1 gene with age. It is also known that thymic involution can be altered by hormone levels. Sex hormones such as estrogen and testosterone enhance involution, and the hormonal changes in pregnant women cause a temporary thymic involution that reverses itself, when the size of the thymus and its hormone levels return to normal, usually after lactation ceases. What does all this tell us? Can we reverse immunosenescence, or at least slow it down? The potential is there for using thymic transplants from younger donors to keep thymic output of naïve T cells high. Gene therapies that target gene expression are also seen as future possibilities. The more we learn through immunosenescence research, the more opportunities there will be to develop therapies, even though these therapies will likely take decades to develop. The ultimate goal is for everyone to live and be healthy longer, but there may be limits to immortality imposed by our genes and hormones.",1,,"""Immunosenescence"" (age-related immune decline) is specialist knowledge a general student is unlikely to have; worse, common public-health messaging more famously links aging and chronic disease to cardiovascular/heart disease, which could actively mislead a student away from the keyed ""immune system."""
553,Population size is the number of what in a population?,individuals,proteins,humans,subdivisions,individuals,Population size is the number of individuals in a population.,4,,"Near-tautological basic ecology vocabulary (""population"" = group of individuals of a species); ""protein"" and ""subdivisions"" are clearly off, and while ""humans"" is a tempting surface distractor, the general-species framing of ""a population"" should steer a reasonably careful reader to ""individuals."""
362,What is usually the most visible part of the flower?,cells,seeds,petals,roots,petals,Petals are usually the most visible parts of a flower. They may be large and showy and are often brightly colored. Leaf-like green sepals protect the flower while it is still a bud.,4,,"Common-sense, everyday knowledge — petals are visibly the showiest part of a flower; ""cells"" is absurd at this visual scale, and seeds/roots are obviously not the visible part."
684,"Unlike matter, which is continuously recycled through ecosystems, what must constantly be added to an ecosystem for use by organisms?",fuel,hydrogen,carbon,energy,energy,"Energy must constantly be added to an ecosystem for use by organisms. Matter, on the other hand, is continuously recycled through ecosystems.",3,,"Standard ecology concept (matter cycles, energy flows and must be constantly input, e.g. from sunlight); a careful reader can rule out hydrogen/carbon since the question's own framing implies they're part of the ""matter"" that recycles, leaving energy vs. the softer colloquial distractor ""fuel."""
363,What do ionic bonds form between?,metals and freshwaters,metals and carbonates,metals and organisms,metals and nonmetals,metals and nonmetals,"Ionic bonds form only between metals and nonmetals. That’s because metals “want” to give up electrons, and nonmetals “want” to gain electrons.",4,,"One of the most fundamental facts in general chemistry (ionic bonds = metal + nonmetal); the other three pairings (""freshwaters"", ""organisms"", ""carbonates"") are nonsensical in this context and trivially ruled out."
396,"What is land with permafrost, no trees, and small hardy plants?",taiga,subtropics,desert,tundra,tundra,"Tundra is land with permafrost, no trees, and small hardy plants.",3,,"Standard biome classification; subtropics and desert are easily eliminated as different climate types, but taiga is a real point of confusion since both are cold biomes — the ""no trees"" clue is what should separate tundra (treeless) from taiga (coniferous forest) for a reasonably informed student."
661,Reactants may also be present in such low concentrations that it is unlikely they will meet and do what?,collide,explode,melt,depart,collide,"Most chemical reactions within organisms would be impossible under the normal conditions within cell. For example, the body temperature of most organisms is too low for reactions to occur quickly enough to carry out life processes. Reactants may also be present in such low concentrations that it is unlikely they will meet and collide. Therefore, the rate of most biochemical reactions must be increased by a catalyst. A catalyst is a chemical that speeds up chemical reactions. In organisms, catalysts are called enzymes .",3,,"""Melt"" and ""depart"" are easily ruled out as nonsensical here; between ""collide"" and ""explode,"" basic reading comprehension favors ""collide"" as the natural verb pairing with ""meet"" (two things meeting = colliding), even without specific collision-theory knowledge."
365,What occurs when competing species evolve different adaptations?,Rate Adaption,specialization,urbanization,evolution,specialization,"Instead of extinction, interspecific competition may lead to greater specialization. Specialization occurs when competing species evolve different adaptations. For example, they may evolve adaptations that allow them to use different food sources. Figure below describes an example.",2,,"Keyword-echo trap: the stem itself uses the word ""evolve"", so a student could easily (and incorrectly) pick option d ""evolution"" just because it repeats a word from the question, instead of the more specific keyed term ""specialization""; ""urbanization"" is clearly irrelevant and ""Rate Adaption"" reads as a non-standard/garbled term."
159,Ingestion and propulsion are the first two steps in which process that describes how humans process and consume food?,respiration,regeneration,digestion,absorption,digestion,"Digestive Processes The processes of digestion include six activities: ingestion, propulsion, mechanical or physical digestion, chemical digestion, absorption, and defecation. The first of these processes, ingestion, refers to the entry of food into the alimentary canal through the mouth. There, the food is chewed and mixed with saliva, which contains enzymes that begin breaking down the carbohydrates in the food plus some lipid digestion via lingual lipase. Chewing increases the surface area of the food and allows an appropriately sized bolus to be produced. Food leaves the mouth when the tongue and pharyngeal muscles propel it into the esophagus. This act of swallowing, the last voluntary act until defecation, is an example of propulsion, which refers to the movement of food through the digestive tract. It includes both the voluntary process of swallowing and the involuntary process of peristalsis. Peristalsis consists of sequential, alternating waves of contraction and relaxation of alimentary wall smooth muscles, which act to propel food along (Figure 23.5). These waves also play a role in mixing food with digestive juices. Peristalsis is so powerful that foods and liquids you swallow enter your stomach even if you are standing on your head.",4,,"""Digestion"" is the standard umbrella term for food processing taught in basic biology; respiration and regeneration are clearly unrelated, and while ""absorption"" is food-related (a later sub-step of digestion itself), it doesn't fit ""process...consume food"" as well as the general term ""digestion."""
516,"Often generated by molecular cloning, transgenic organisms possess what from a different species?",organs,dna,memories,RNA,dna,"10.2 Biotechnology in Medicine and Agriculture Genetic testing is performed to identify disease-causing genes, and can be used to benefit affected individuals and their relatives who have not developed disease symptoms yet. Gene therapy—by which functioning genes are incorporated into the genomes of individuals with a non-functioning mutant gene—has the potential to cure heritable diseases. Transgenic organisms possess DNA from a different species, usually generated by molecular cloning techniques. Vaccines, antibiotics, and hormones are examples of products obtained by recombinant DNA technology. Transgenic animals have been created for experimental purposes and some are used to produce some human proteins. Genes are inserted into plants, using plasmids in the bacterium Agrobacterium tumefaciens, which infects plants. Transgenic plants have been created to improve the characteristics of crop plants—for example, by giving them insect resistance by inserting a gene for a bacterial toxin.",3,,"""Organs"" and ""memories"" are absurd in a genetic-engineering context and trivially eliminated; the standard ""genes = DNA"" association from basic biology should steer a reasonably informed student to DNA over the softer distractor RNA."
262,"Cnidarians are an example of organisms that possess a simple type of what system, used for sensing touch?",circulatory system,nervous system,bacterial system,lymphatic system,nervous system,"Cnidarians have a simple nervous system. It consists of a net of nerves that can sense touch. You can see a sketch of the nerve net in a hydra in Figure below . Some cnidarians also have other sensory structures. For example, jellyfish have light-sensing structures and gravity-sensing structures.",4,,"""Sensing touch"" is a well-known nervous-system function (the five senses); ""bacterial system"" isn't a real organ-system category and is trivially ruled out, and circulatory/lymphatic systems clearly relate to fluid transport, not sensing."
641,What lines the passages of the nose and senses chemicals in the air?,odor receptors,consumption receptors,optic receptors,matter receptors,odor receptors,"Odor receptors line the passages of the nose (see Figure below ). They sense chemicals in the air. In fact, odor receptors can sense hundreds of different chemicals. Did you ever notice that food seems to have less taste when you have a stuffy nose? This occurs because the sense of smell contributes to the sense of taste, and a stuffy nose interferes with the ability to smell.",4,,"Direct semantic link: nose + sensing chemicals in air = smell = ""odor""; ""optic"" clearly relates to vision (eyes) not nose, and the other two options are vague/non-standard invented terms, all easy to rule out."
329,"According to the special theory of relativity, no physical object can equal or exceed the speed of what?",energy,light,weight,air,light,"A result of the special theory of relativity is that no physical object can equal or exceed the speed of light. From the equation for relativistic mass, it can be seen that as the object is accelerated faster and faster, its mass becomes greater and greater. The greater mass would require an even greater force to accelerate it. If the velocity of the mass ever reached the speed of light, the denominator of the equation would become zero and the mass would become infinite. The energy required to accelerate an infinite mass would also be infinite. The fact that light itself travels at the speed , implies that light has a zero rest mass. Of course, light is never at rest.",4,,"""Nothing can travel faster than the speed of light"" is one of the most famous facts in popular science, known well beyond formal physics education; energy, weight, and air don't fit the ""speed limit"" framing at all."
869,What is a solution with a ph lower than 7 called?,acid,neutral,basic,dioxide,acid,"If a solution has a higher concentration of hydronium ions than pure water, it has a pH lower than 7. A solution with a pH lower than 7 is called an acid . As the hydronium ion concentration increases, the pH value decreases. Therefore, the more acidic a solution is, the lower its pH value is. Did you ever taste vinegar? Like other acids, it tastes sour. Stronger acids can be harmful to organisms. For example, stomach acid would eat through the stomach if it were not lined with a layer of mucus. Strong acids can also damage materials, even hard materials such as glass.",4,,"One of the most fundamental facts in general chemistry (pH scale: below 7 = acid); ""dioxide"" is clearly irrelevant, and neutral/basic are distinct, well-known pH categories that a student can rule out if they know the basic scale."
155,"At a synapse, what objects are released to carry a nerve impulse from one neuron to the next?",viruses,receptors,microorganisms,neurotransmitters,neurotransmitters,"Laura Guerin. At a synapse, neurotransmitters are released to carry a nerve impulse from one neuron to the next . CC BY-NC 3.0.",4,,"""Neurotransmitter"" is common, widely-known vocabulary (dopamine, serotonin, etc. are household terms); viruses/microorganisms are absurd in this context, and while ""receptors"" is a soft distractor (also part of synaptic transmission), receptors are fixed structures that receive signals rather than being ""released,"" a distinction most students would grasp."
513,"Groups of three bases form codons, and each codon stands for one what?",sulferic acid,compound acid,amino acid,minimal acid,amino acid,"The genetic code consists of the sequence of bases in DNA or RNA. Groups of three bases form codons, and each codon stands for one amino acid (or start or stop). The codons are read in sequence following the start codon until a stop codon is reached. The genetic code is universal, unambiguous, and redundant.",4,,"""Amino acid"" is the only legitimate, standard chemistry term among the four options; the other three are misspelled or invented-sounding phrases, making this a giveaway through elimination alone, reinforced by common genetics-unit knowledge (codon → amino acid)."
571,A cochlear implant aims to restore loss of what sense?,taste,touch,vision,hearing,hearing,"consists of a microphone that picks up sound. A speech processor selects sounds in the range of human speech, and a transmitter converts these sounds to electrical impulses, which are then sent to the auditory nerve. Which of the following types of hearing loss would not be restored by a cochlear implant? a. Hearing loss resulting from absence or loss of hair cells in the organ of Corti. Hearing loss resulting from an abnormal auditory nerve. Hearing loss resulting from fracture of the cochlea.",4,,"""Cochlear implant"" is fairly well-known in general media as a hearing-restoration device (cochlea = inner ear structure), making ""hearing"" a strong common-knowledge pick over the other senses."
753,The concept that atoms tend to have eight electrons in their valence electron shell is called what?,coupling rule,diagonal rule,string rule,octet rule,octet rule,The octet rule is the concept that atoms tend to have eight electrons in their valence electron shell.,4,,"Direct word-root match: ""eight electrons"" ↔ ""octet"" (oct- = eight, as in octagon/octopus), a giveaway from general vocabulary alone; the other three rule names are non-standard and unrelated to counting."
235,"The speed of a wave through connected harmonic oscillators depends on the distance between them, the spring constant, and the what?",concentrations,temperature,mass,density,mass,"Most wave media act like a series of connected oscillators. For instance, a rope can be thought of as a large number of masses (molecules) connected by springs (intermolecular forces). The speed of a wave through connected harmonic oscillators depends on the distance between them, the spring constant, and the mass. In this way, we can model wave media using the principles of simple harmonic motion.",1,,"This references a specific simple-harmonic-motion formula (wave speed depends on spring constant and mass) that goes beyond general secondary curriculum; ""concentrations"" is eliminable as a chemistry term, but temperature, mass, and density are all plausible physical properties a student could intuitively associate with wave speed, leaving essentially a guess among three."
61,"When equal amounts of a strong acid such as hydrochloric acid are mixed with a strong base such as sodium hydroxide, the result is what kind of solution?",a thermodynamic one,a lateral one,a neutral one,a economical one,a neutral one,"When equal amounts of a strong acid such as hydrochloric acid are mixed with a strong base such as sodium hydroxide, the result is a neutral solution. The products of the reaction do not have the characteristics of either an acid or a base. Here is the balanced molecular equation.",4,,"Acid + base neutralization producing a neutral solution is one of the most basic chemistry facts taught in general science; the other three adjectives (""thermodynamic"", ""lateral"", ""economical"") are nonsensical for classifying a chemical solution and are trivially eliminated."
146,Myofibrils are long cylindrical structures that lie parallel to and run the entire length of what fibers?,heart muscle fibers,skeletal muscle fibers,uplift muscle fibers,luminous muscle fibers,skeletal muscle fibers,"Skeletal Muscle Fiber Structure and Function Each skeletal muscle fiber is a skeletal muscle cell. Within each muscle fiber are myofibrils, long cylindrical structures that lie parallel to the muscle fiber. Myofibrils run the entire length of the muscle fiber. They attach to the plasma membrane, called the sarcolemma, at their ends, so that as myofibrils shorten, the entire muscle cell contracts (Figure 16.18).",2,,"""Uplift"" and ""luminous"" muscle fibers are fabricated terms and easily ruled out, but heart and skeletal muscle are both real, striated muscle types with myofibrils, so distinguishing which one this specific description refers to requires more precise anatomy knowledge than a general student would have."
774,"Associated with hair follicles, what type of oil gland is found all over the body and helps to lubricate and waterproof the skin and hair?",melanin gland,sweat gland,sebaceous gland,gametes gland,sebaceous gland,"Sebaceous Glands A sebaceous gland is a type of oil gland that is found all over the body and helps to lubricate and waterproof the skin and hair. Most sebaceous glands are associated with hair follicles. They generate and excrete sebum, a mixture of lipids, onto the skin surface, thereby naturally lubricating the dry and dead layer of keratinized cells of the stratum corneum, keeping it pliable. The fatty acids of sebum also have antibacterial properties, and prevent water loss from the skin in low-humidity environments. The secretion of sebum is stimulated by hormones, many of which do not become active until puberty. Thus, sebaceous glands are relatively inactive during childhood.",3,,"The stem explicitly says ""oil gland"", which directly matches ""sebaceous"" in common skincare/health vocabulary (sebum, oily skin, acne); ""melanin gland"" and ""gametes gland"" are not real anatomical terms and are easily eliminated, though ""sweat gland"" remains a real distractor risk for a less careful reader who doesn't distinguish oil from sweat."
770,What part of the neuron is a large structure with a central nucleus?,Eye body,proteins body,cell body,Environmental,cell body,"33.19. The large structure with a central nucleus is the cell body of the neuron. Projections from the cell body are either dendrites specialized in receiving input or a single axon specialized in transmitting impulses. Some glial cells are also shown. Astrocytes regulate the chemical environment of the nerve cell, and oligodendrocytes insulate the axon so the electrical nerve impulse is transferred more efficiently. Other glial cells that are not shown support the nutritional and waste requirements of the neuron. Some of the glial cells are phagocytic and remove debris or damaged cells from the tissue. A nerve consists of neurons and glial cells.",4,,"""Cell body"" (soma) containing the nucleus is standard basic neuroscience vocabulary; the other three options are clearly nonsensical/fabricated terms with no real anatomical meaning, leaving ""cell body"" as the only sensible choice."
30,What is the most abundant metal of the earth's crust?,copper,aluminum,magnetite,calcium,aluminum,"Metals represent approximately 25% of the elemental makeup of the Earth's crust. The bulk of these metals, primarily aluminum, iron, calcium, sodium, potassium, and magnesium, are typically found in combined form. The most abundant metal is aluminum, which occurs almost exclusively as the ionic mineral bauxite. The other most common metals, including iron, sodium, potassium, magnesium, and calcium, are also found primarily as the cationic portion of an ionic compound. Very few metals actually occur naturally as pure substances. The ones that do are often referred to as precious or semi-precious metals.",1,,"Crustal abundance ranking is a specific geochemistry fact not derivable from general knowledge; everyday familiarity with copper (wiring, coins) could plausibly bias a student toward copper over the correct answer aluminum, and ""magnetite"" is technically a mineral/compound rather than a pure metal, which most students wouldn't notice to rule it out."
336,What does the inside of all cells also contain?,cytosol,protein,chromosomes,chloroplasm,cytosol,"The inside of all cells also contain a jelly-like substance called cytosol . Cytosol is composed of water and other molecules, including enzymes , which are proteins that speed up the cell’s chemical reactions. Everything in the cell sits in the cytosol, like fruit in a jello mold. The term cytoplasm refers to the cytosol and all of the organelles, the specialized compartments of the cell. The cytoplasm does not include the nucleus. As a prokaryotic cell does not have a nucleus, the DNA is in the cytoplasm.",1,,"""Cytosol"" is a fairly technical term often confused with the much more commonly known ""cytoplasm"" (which isn't even offered as an option); ""protein"" and ""chromosomes"" are both plausible-sounding generic answers, and there's no clear semantic cue that isolates ""cytosol"" for a general student."
681,What branch of science is concerned with matter and the changes that it can undergo?,geology,chemistry,physiology,biology,chemistry,Chemistry is the study of matter and the changes that matter can undergo.,4,,"""Chemistry = study of matter and its changes"" is a very basic definitional fact taught early in general science; geology, physiology, and biology are all clearly different fields and trivially eliminated."
437,What model describing atomic structure is often referred to as a planetary model?,kinetic model,Newton's model,Pascal model,bohr model,bohr model,"According to the Bohr model, often referred to as a planetary model , the electrons encircle the nucleus of the atom in specific allowable paths called orbits. When the electron is in one of these orbits, its energy is fixed. The ground state of the hydrogen atom, where its energy is lowest, is when the electron is in the orbit that is closest to the nucleus. The orbits that are further from the nucleus are all of successively greater energy. The electron is not allowed to occupy any of the spaces in between the orbits. An everyday analogy to the Bohr model is the rungs of a ladder. As you move up or down a ladder, you can only occupy specific rungs and cannot be in the spaces in between rungs. Moving up the ladder increases your potential energy, while moving down the ladder decreases your energy.",2,,"The famous names ""Newton"" and ""Pascal"" could tempt a student without specific atomic-structure knowledge into picking a more universally recognized scientist's name over the correct but comparatively less famous ""Bohr""; ""kinetic model"" is also a real term but relates to gas particle theory, not electron/atomic structure specifically."
99,What is the term for when an embryo fixes itself to the side of the uterus?,parasite,bacterial,exploration,implantation,implantation,Implantation occurs when the developing embryo fixes itself to the side of the uterus.,3,,"A careful reader can notice a category mismatch: fetus/newborn/infant are all developmental-stage nouns, while the question asks for the term describing an action/process — only ""implantation"" fits that grammatical role, giving a logical cue even without embryology knowledge."
19,What term means the amount of water vapor in the air?,humidity,temperature,pressure,ambient,humidity,Humidity is the amount of water vapor in the air. High humidity increases the chances of clouds and precipitation.,4,,"""Humidity"" is extremely common everyday vocabulary (weather forecasts), known regardless of formal science study; temperature and pressure are clearly different measurements, and ""ambient"" is an adjective, not a measurable quantity, so it doesn't even fit the question's grammar."
740,"Candida and trichophyton are examples of disease-causing types of what organisms, which become parasitic?",viruses,yeast,bacteria,fungi,fungi,Some fungi cause disease when they become human parasites. Two examples are fungi in the genera Candida and Trichophyton.,2,,"""Candida"" is fairly well-known in general health contexts as a ""yeast infection,"" which could tempt a student to pick ""yeast"" instead of the correct broader category ""fungi""; recognizing that ""fungi"" is needed to also cover trichophyton (a mold, not a yeast) requires knowledge most general students won't have."
715,What do we call a simple machine that consists of a rope and grooved wheel?,axle,pedal,lever,pulley,pulley,A pulley is a simple machine that consists of a rope and grooved wheel. Single pulleys may be fixed or moveable. Single and moveable pulleys may be combined in a compound pulley. The ideal mechanical advantage of a pulley or compound pulley is always equal to or greater than 1. Fixed pulleys and some compound pulleys also change the direction of the input force.,4,,"""Rope and grooved wheel"" is a fairly literal description of a pulley, a widely-known everyday device (flagpoles, cranes); pedal and lever are clearly different mechanisms, and axle relates to a different simple machine (wheel-and-axle) without the rope element."
312,What structures are at the end of the long air passages in the lungs?,Oral Cavity,Larynx,chloride,alveoli,alveoli,"During respiration, oxygen gets pulled into the lungs and enters the blood by passing across the thin alveoli membranes and into the capillaries. The alveoli are at the end of the long air passages.",4,,"Basic respiratory-system sequence knowledge (mouth → larynx → trachea → bronchi → alveoli) rules out oral cavity and larynx as being upstream, not at the ""end""; ""chloride"" is a chemical ion completely unrelated to anatomy, leaving ""alveoli"" as the standard, commonly-taught term."
550,What is the middle layer of connective tissue called?,xerophyte,pollenation,tendon,perimysium,perimysium,"Inside each skeletal muscle, muscle fibers are organized into individual bundles, each called a fascicle, by a middle layer of connective tissue called the perimysium. This fascicular organization is common in muscles of the limbs; it allows the nervous system to trigger a specific movement of a muscle by activating a subset of muscle fibers within a bundle, or fascicle of the muscle. Inside each fascicle, each muscle fiber is encased in a thin connective tissue layer of collagen and reticular fibers called the endomysium. The endomysium contains the extracellular fluid and nutrients to support the muscle fiber. These nutrients are supplied via blood to the muscle tissue. In skeletal muscles that work with tendons to pull on bones, the collagen in the three tissue layers (the mysia) intertwines with the collagen of a tendon. At the other end of the tendon, it fuses with the periosteum coating the bone. The tension created by contraction of the muscle fibers is then transferred though the mysia, to the tendon, and then to the periosteum to pull on the bone for movement of the skeleton. In other places, the mysia may fuse with a broad, tendon-like sheet called an aponeurosis, or to fascia, the connective tissue between skin and bones. The broad sheet of connective tissue in the lower back that the latissimus dorsi muscles (the “lats”) fuse into is an example of an aponeurosis. Every skeletal muscle is also richly supplied by blood vessels for nourishment, oxygen delivery, and waste removal. In addition, every muscle fiber in a skeletal muscle is supplied by the axon branch of a somatic motor neuron, which signals the fiber to contract. Unlike cardiac and smooth muscle, the only way to functionally contract a skeletal muscle is through signaling from the nervous system.",1,,"""Perimysium"" is highly specialized muscle-histology vocabulary (one of three connective-tissue layers in skeletal muscle) well beyond general secondary curriculum; xerophyte/pollenation are obviously off-topic botany terms, but ""tendon"" — a much more familiar word, though not really described as a ""middle layer"" — is a real risk of being chosen instead."
318,"Most modern seed plants are angiosperms, which produce seeds in the ovaries of what basic structure?",stems,leaves,cells,flowers,flowers,"Most modern seed plants are angiosperms that produce seeds in the ovaries of flowers. Ovaries may develop into fruits. Flowers attract pollinators, and fruits are eaten by animals, which help disperse the seeds.",4,,"""Angiosperm"" is commonly known/translated as ""flowering plant,"" and ""ovary"" is a standard flower-part term from basic plant biology; stems, leaves, and cells don't fit the ""ovary"" structure being described and are easily eliminated."
147,Hydrogen atoms form only one covalent bond because they have only one have one of what to pair with it?,Water electron,valence electron,loops electron,modular electron,valence electron,Hydrogen atoms form only one covalent bond because they have only one valence electron to pair.,4,,"Only ""valence electron"" is a real chemistry term; the other three are fabricated phrases that don't exist in chemistry, making this a giveaway through elimination alone."
706,What are endothermic tetrapod vertebrates most commonly called?,reptiles,birds,insects,mammals,birds,"Birds are endothermic tetrapod vertebrates. They are bipedal, which means they walk on two legs. Birds also lay amniotic eggs, and the eggs have hard, calcium carbonate shells. Although birds are the most recent class of vertebrates to evolve, they are now the most numerous vertebrates on Earth. Why have birds been so successful? What traits allowed them to increase and diversify so rapidly?.",2,,"""Insects"" are eliminable (not tetrapods, not endothermic), and reptiles are commonly known to be cold-blooded, ruling them out too — but ""endothermic tetrapod vertebrate"" genuinely describes both birds and mammals equally well, and mammals may even be the more intuitive first association with ""warm-blooded"" for many students, making this a real coin-flip rather than a reliable pick."
170,What part of the male reproductive system is involved with the most common disorders?,the glans,the ureter,the penis,the testes,the testes,Most common disorders of the male reproductive system involve the testes. They include injuries and cancer.,1,,"This requires specific medical/epidemiological knowledge (testicular disorders like injury and cancer being most common); without it, a general student would likely guess based on visibility/familiarity, plausibly favoring ""the penis"" as the more prominently known organ over the correct ""testes."""
118,There are many types of asexual spores. conidiospores are unicellular or multicellular spores that are released directly from the tip or side of this?,goychay,idioma,ganglion,hypha,hypha,There are many types of asexual spores. Conidiospores are unicellular or multicellular spores that are released directly from the tip or side of the hypha. Other asexual spores originate in the fragmentation of a hypha to form single cells that are released as spores; some of these have a thick wall surrounding the fragment. Yet others bud off the vegetative parent cell. Sporangiospores are produced in a sporangium (Figure 24.9).,3,,"""Goychay"" appears to be a nonsense/garbled term and ""idioma"" means ""language,"" both clearly not scientific terms; ""ganglion"" is a real biology term but from the nervous system, a clear category mismatch for fungal structures — leaving ""hypha"" as the only option that's both real and contextually appropriate, gettable through careful elimination alone."
659,What do ecologists study at every level?,plants,taxonomy,ecosystems,solar system,ecosystems,"Ecologists study ecosystems at every level, from the individual organism to the whole ecosystem and biosphere. They can ask different types of questions at each level. Examples of these questions are given in Table below , using the zebra ( Equus zebra ) as an example.",4,,"Strong word-root match between ""ecologist"" and ""ecosystem"" (shared eco- prefix); ""solar system"" is entirely unrelated (astronomy), and ""taxonomy""/""plants"" are real but clearly narrower or different subfields than what ecologists study ""at every level."""
11,What are by far the most common type of invertebrate?,corals,crustaceans,spiders,insects,insects,"This Monarch caterpillar is an invertebrate. It is also an insect and an arthropod. Of all the animal species, it is estimated that well over 90% are invertebrates. Of all invertebrates, the insects are by far the most numerous. There are so many species of insects that scientists have yet to discover them all, let alone name or count them. Estimates of the total number of insect species fall in the range of 1 to 30 million. So, it helps if there are methods to classify not just the insects, but all invertebrates.",4,,"""Insects are the most numerous animal group on Earth"" is a widely repeated fact in general science education and popular science media, well beyond specialist knowledge."
101,What disease occurs when the cell cycle is no longer regulated?,allergy,cancer,malnutrition,schizophrenia,cancer,Cancer is a disease that occurs when the cell cycle is no longer regulated. Cancer cells grow rapidly and may form a mass of abnormal cells called a tumor.,4,,"""Cancer = uncontrolled cell division"" is common general knowledge, widely known even outside formal biology study; allergy, malnutrition, and schizophrenia belong to entirely different biological systems and are easily eliminated."
487,"When compared to anaerobic respiration, what does aerobic respiration release more of?",pressure,carbon dioxide,heat,energy,energy,"A major advantage of aerobic respiration is the amount of energy it releases. Without oxygen, organisms can just split glucose into two molecules of pyruvate. This releases only enough energy to make two ATP molecules. With oxygen, organisms can break down glucose all the way to carbon dioxide. This releases enough energy to produce up to 38 ATP molecules. Thus, aerobic respiration releases much more energy than anaerobic respiration.",3,,"""Aerobic respiration produces far more ATP/energy than anaerobic"" is a standard, commonly emphasized curriculum fact (often cited as ~36-38 ATP vs. 2 ATP); ""pressure"" is trivially irrelevant, though ""carbon dioxide"" and ""heat"" remain plausible byproduct-related distractors for a less careful reader."
611,What is the mechanism by which favorable traits become more common in organisms over the course of generations?,evolution,natural selection,birth,environmental selection,natural selection,Natural selection can change a species or even make a new species. Natural processes favor some traits over others in a population. This causes those traits to be more common in subsequent generations.,2,,"""Evolution"" is a strong distractor here since students commonly use it interchangeably with ""natural selection"" in casual understanding, even though evolution is the broader outcome while natural selection is the specific mechanism being asked about; ""birth"" is trivially eliminated, and ""environmental selection"" is a plausible-sounding but non-standard invented term."
88,"During the first year after birth, what is a baby called?",fetus,newborn,infant,toddler,infant,"For the first year after birth, a baby is called an infant. Childhood begins at age two and continues until adolescence. Adolescence is the last stage of life before adulthood.",2,,"""Fetus"" (before birth) and ""toddler"" (typically 1-3 years) are easily eliminated via general knowledge of child-development stages, but ""newborn"" and ""infant"" are often used loosely/interchangeably in everyday language, so the precise ""first year = infant"" distinction is a genuine point of confusion."
327,What type of chemical reactions release energy?,biochemical reactions,endothermic reactions,exothermic reactions,sulfuric reactions,exothermic reactions,"Some chemical reactions are exothermic, which means they release energy. Other chemical reactions are endothermic, which means they consume energy.",4,,"Standard endo/exo chemistry pairing where ""exo-"" (out) directly matches ""release""; ""biochemical"" and ""sulfuric reactions"" are not the standard terms for this energy classification and are easily ruled out."
876,Plant-like protists contains chloroplasts and make food by what process?,digestion,chemical processes,farming,photosynthesis,photosynthesis,"common name of a plant-like protist, which contains chloroplasts and makes food by photosynthesis.",4,,"""Chloroplasts + making food"" is one of the most fundamental, universally taught biology associations with photosynthesis; digestion is the logical opposite (breaking down, not making food), and farming is entirely irrelevant at the cellular level."
609,What are the biggest groups of stars called?,galaxies,cells,orbits,novas,galaxies,"The biggest groups of stars are called galaxies. A few million to many billions of stars may make up a galaxy. With the unaided eye, every star you can see is part of the Milky Way Galaxy. All the other galaxies are extremely far away. The closest spiral galaxy, the Andromeda Galaxy, shown in Figure below , is 2,500,000 light years away and contains one trillion stars!.",4,,"""Galaxy"" as the largest star grouping is common general/pop-science knowledge (Milky Way, etc.); ""cells"" is an obvious biology-term mismatch, and ""orbits""/""novas"" describe motion or explosive events, not groupings of stars."
724,"What are the flattened, disk-shaped cells in blood that carry oxygen?",plasma,white blood cells,platlets,red blood cells,red blood cells,"Red blood cells (RBCs) are flattened, disk-shaped cells that carry oxygen. They are the most common blood cell in the blood. There are about 4 to 6 million RBCs per cubic millimeter of blood. Each RBC has about 200 million molecules of hemoglobin. Hemoglobin is the protein that carries oxygen. Hemoglobin also gives the red blood cells their red color.",4,,"""Red blood cells carry oxygen"" is extremely common general knowledge; plasma isn't even a cell type, and white blood cells (immune) / platelets (clotting) are commonly distinguished from oxygen transport in everyday understanding."
345,"What is the most abundant of all vertebrate classes, and the most recent to evolve?",mammals,birds,bony fishes,reptiles,birds,"Of all vertebrate classes, birds are the most numerous, even though they evolved most recently. Why have birds been so successful? The answer is flight. Being able to fly opened up a whole new world to birds: the world of the air above the land and water.",1,,"This combines two specific comparative-zoology superlatives (most abundant + most recently evolved) that aren't general knowledge; common intuition might actually favor fish as the most numerous vertebrate class given aquatic biodiversity, making this an unreliable guess."
81,What is the ability to see called?,vision,smell,thought,hearing,vision,"The ability to see is called vision . This ability depends on more than healthy eyes. It also depends on certain parts of the brain, because the brain and eyes work together to allow us to see. The eyes collect and focus visible light. The lens and other structures of the eye work together to focus an image on the retina. The image is upside-down and reduced in size, as you can see in the Figure below . Cells in the retina change the image to electrical signals that travel to the brain through the optic nerve. The brain interprets the electrical signals as shape, color, and brightness. It also interprets the image as though it were right-side up. The brain does this automatically, so what we see always appears right-side up. The brain also interprets what we are seeing.",4,,"Essentially definitional/tautological — ""vision"" = ability to see is basic everyday vocabulary known without any specific biology study; the other options are clearly different senses/concepts."
570,What is the difference between oils and fats at room temperature?,liquid and solid states,solid and gas states,saturated and unsaturated,liquid and gas states,liquid and solid states,"A lipid is a member of a class of water-insoluble compounds that includes oils, fats, and waxes. Oils and fats are based on the same general structure, but fats are solids at room temperature, while oils are liquids. Butter is an example of a fat and is derived from animals. Some oils include olive oil and canola oil, which are obtained from plants. Lipids are an essential part of a healthy diet, though excess dietary fat can be harmful. Lipids store energy in the body and are also needed to keep cell membranes healthy.",3,,"Common kitchen-level knowledge (oil is liquid, fat like butter is solid at room temperature) should get most people to the right answer; options involving ""gas"" are easy to rule out as neither oils nor fats are gaseous, though ""saturated and unsaturated"" is a real, commonly-heard nutrition term that could distract someone who's seen it more often in health contexts."
45,What is the purpose of bright colors on a flower's petals?,to absorb light,to attract pollinators,to attract a mate,to distract predators,to attract pollinators,"Flowers Flowers are modified leaves, or sporophylls, organized around a central stalk. Although they vary greatly in appearance, all flowers contain the same structures: sepals, petals, carpels, and stamens. The peduncle attaches the flower to the plant. A whorl of sepals (collectively called the calyx) is located at the base of the peduncle and encloses the unopened floral bud. Sepals are usually photosynthetic organs, although there are some exceptions. For example, the corolla in lilies and tulips consists of three sepals and three petals that look virtually identical. Petals, collectively the corolla, are located inside the whorl of sepals and often display vivid colors to attract pollinators. Flowers pollinated by wind are usually small, feathery, and visually inconspicuous. Sepals and petals together form the perianth. The sexual organs (carpels and stamens) are located at the center of the flower. As illustrated in Figure 26.14, styles, stigmas, and ovules constitute the female organ: the gynoecium or carpel. Flower structure is very diverse, and carpels may be singular, multiple, or fused. Multiple fused carpels comprise a pistil. The megaspores and the female gametophytes are produced and protected by the thick tissues of the carpel. A long, thin structure called a style leads from the sticky stigma, where pollen is deposited, to the ovary, enclosed in the carpel. The ovary houses one or more ovules, each of which will develop into a seed upon fertilization. The male reproductive organs, the stamens (collectively called the androecium), surround the central carpel. Stamens are composed of a thin stalk called a filament and a sac-like structure called the anther. The filament supports the anther, where the microspores are produced by meiosis and develop into pollen grains.",4,,"""Bright flowers attract pollinators like bees"" is classic, widely-taught elementary science and common everyday knowledge; ""to attract a mate"" only makes sense under animal-behavior logic misapplied to plants, and ""absorb light"" belongs to leaves/photosynthesis, not petal color."
554,What is the cause of common mold allergies?,airborne mold spores,viruses,bacteria,immobile mold spores,airborne mold spores,"Mold allergies are very common. They are caused by airborne mold spores. When the spores enter the respiratory tract, the immune system responds to them as though they were harmful microbes. Symptoms may include sneezing, coughing, and difficulty breathing. The symptoms are likely to be more severe in people with asthma or other respiratory diseases. Long-term exposure to mold spores may also weaken the immune system.",3,,"Viruses and bacteria are a clear category mismatch (mold is a fungus, not related to either) and easily eliminated; between the two spore options, basic reasoning about how allergens must be inhaled to trigger a reaction favors ""airborne"" over ""immobile."""
606,What is the term for materials that have both a defined shape and a defined volume?,solids,matter,gases,liquids,solids,"Solids are materials that have both a defined shape and a defined volume. They do not take on the shape of their container, as liquids and gases do. Solids can be either amorphous or crystalline. Amorphous solids (such as glass) do not have a well organized three-dimensional arrangement of molecules or atoms, so they lack a high level of order. On the other hand, crystalline solids display a highly ordered and predictable three-dimensional structure. In this section we will discuss the different types of crystalline solids.",4,,"Fundamental states-of-matter fact taught very early in general science; ""matter"" is too generic to be the specific answer, and liquids/gases are clearly distinguished from solids by not having a defined shape, per basic curriculum knowledge."
506,What is the term for viscous magmas that are high in silica and tend to stay below the surface or erupt explosively?,felsic magmas,compacted magmas,combustible magmas,sedimentary magmas,felsic magmas,"The chemistry of a magma determines the type of igneous rock it forms. The chemistry also determines how the magma moves. The higher the amount of silica in the magma, the higher the viscosity. Viscosity is a liquid's resistance to flow. Viscous magmas tend to stay below the surface or erupt explosively. These are felsic magmas, which are high in silica. When magma is fluid and runny, it is not viscous. This magma often reaches the surface by flowing out in rivers of lava. These are low-silica mafic magmas.",2,,"""Felsic"" is specialized igneous-petrology vocabulary unlikely to be known; however, a student with basic rock-cycle knowledge (igneous vs. sedimentary are mutually exclusive formation processes) could logically rule out ""sedimentary magmas"" as self-contradictory, and ""combustible""/""compacted"" also don't fit molten rock — though this insight isn't guaranteed for a general student."
465,What are solids with high melting and boiling points?,magnetic compounds,ionic compounds,metal alloys,superheated compounds,ionic compounds,Ionic compounds are solids with high melting and boiling points. They are good conductors of electricity but only when dissolved in water. Their crystals are rigid and brittle.,2,,"""Magnetic compounds"" and ""superheated compounds"" are not standard chemistry classifications and are easy to rule out, but ""metal alloys"" is a real, plausible distractor since metals are commonly associated with hardness/high melting points in everyday intuition — without specific knowledge that ionic bonding specifically is what gives high melting/boiling points, a student could reasonably pick alloys instead."
