item_id,question,fact1,gold_answer,options,cause_A_rule_to_instance__B_paraphrase__C_fact_insufficient__D_other,rationale
2,Predators eat,predators eat prey,bunnies,lions | humans | bunnies | grass,,
10,It's easier for human's to survive in:,"as number of organisms in a group increases , the chance of survival of each organism will increase",a town,a cave | the ocean. | a town | alone,,
12,A red-tailed hawk is searching for prey. It is most likely to swoop down on,hawks eat lizards,a gecko,an eagle | a cow | a gecko | a deer,,
14,A positive effect of burning biofuel is,biofuel is used to produce electricity by burning,powering the lights in a home,shortage of crops for the food supply | an increase in air pollution | powering the lights in a home | deforestation in the amazon to make room for crops,,
18,Which requires energy to move?,an animal requires energy to move,weasel,weasel | willow | mango | poison ivy,,
40,A recyclable material can be,recyclable means a material can be recycled,used more times,transformed | traded | thrown away | used more times,,
45,"if the earth was a living room, what can be done to melt the glaciers?",if the atmospheric temperature rises then the glaciers will melt,someone would turn up the room heater,someone would turn up the room heater | someone would turn up the air conditioner | someone would turn up the music | someone would turn on the light,,
46,What would happen when balloons heat up?,"as heat increases , a flexible container containing gas will expand",they get bigger,they get bigger | they get smaller | nothing happens | they fall down,,
51,A person has a chance to experience an equinox,an equinox occurs twice per year,biannually,weekly | monthly | annually | biannually,,
53,"To improve health, what is a good strategy?",rest has a positive impact on a health,a spa trip,high risk lifestyle | restaurant food | business trip | a spa trip,,
56,A rabbit may enjoy,rabbits eat plants,peas,meat | compost | peas | pebbles,,
60,Birds carrying away fruit helps the tree,plant requires seed dispersal for reproduction,reproduce,grow | fertilize | reproduce | conquer,,
61,"If a UFO is flying overhead and looks small, then large, then","as a source of light becomes closer , that source will appear brighter",the UFO is approaching,the UFO is calling | the UFO had been close | the UFO is approaching | the UFO is leaving,,
63,What likely explains deforestation?,cutting down trees in a forest causes the number of trees to decrease in that forest,Clearing for farming,Increased insect populations | Clearing for farming | reduction in rainfall | More carbon dioxide,,
93,"When looking for good soil for plants, typically what is optimal?",the looseness of soil has a positive impact on a plant 's roots' growth in that soil,malleable and nutritious,malleable and nutritious | dry and sandy | grainy and bitter | compact and hard,,
99,Cold-blooded animals are often,a reptile is cold-blooded,hairless,fast | large | hairless | slow,,
101,Which animal is considered a predator?,a predator eats other animals for food,snake,ant | snake | elephant | giraffe,,
106,One of the negative consequences of offshore oil platforms is,offshore oil platforms might cause oil to leak into the water,discharge of liquid petroleum in the surrounding sea,evaporation of the surrounding water | discharge of liquid petroleum in the surrounding sea | improvement in the conditions of sea life | increase in the birthrate of sea birds,,
115,"Humans, cats, dogs, and elephants are known as mammals because their kids are born alive. Non-mammalian babies are born",birds lay eggs,in an egg,old | dead | in an egg | big,,
145,Which of these has shape that changes depending on the container which it resides within?,Matter in the liquid phase has variable shape,orange juice,paper | wood | stone | orange juice,,
149,Mammals give birth to live,mammals give birth to live young,children,children | birds | fish | insects,,
151,Which of these is a factor in the shape of a fern's seed?,the type of seed of a plant is an inherited characteristic,inheritance,luck | humans | gold | inheritance,,
164,"Atomic 26 is drawn to a device, it could be",metal is sometimes magnetic,magnetized,magnetized | Na | compass | K,,
176,If your dog is overweight,"as the amount of food an animal eats increases , the weight of that animal will increase",cut back their caloric intake,add more fat to their diet | cut back their caloric intake | let them sleep more | increase their caloric intake,,
177,Eyes allow humans,seeing is used for sensing visual things,to detect when a traffic light changes,to detect when a traffic light changes | detect sour flavors in candy | hear music at concerts | detect acrid odors in the air,,
182,"The Grand Canyon is massive, with large, high peaks and very deep lows, which was formed when",the Grand Canyon was formed by the Colorado River flowing over long periods of time,natural waters weathered it,some water is around it | water rained on it | natural waters weathered it | a pool was opened,,
184,The sides of the canyon are,most canyons are formed by flowing rivers through erosion over long periods of time,stone,metal | water | rivers | stone,,
192,A tree is not the habitat of a,organisms live in their habitat,lion,squirrel | woodpecker | monkey | lion,,
218,"A male bird spots a female of his species and begins a fancy dance, flashing his bright feathers around in the air, showing off. This male is attempting to procure",coloration is used to find a mate by some animals,a reproductive companion,a manager | an agent | a meal | a reproductive companion,,
222,Phloem moves things around a plant similar to how,phloem transports materials through the plant,blood moves in a body,blood moves in a body | leaves move in the wind | water moves in a system | cars move on a street,,
232,An example of a chemical reaction would be,combining two substances chemically causes chemical reactions,A rusty fence,A rusty fence | Sleeping | Drinking water | Rain,,
233,The size of an object and the ability to see it more easily have what kind of relationship?,"as the size of an object appears larger , that object will be seen more easily",direct,equal | inverse | direct | reverse,,
235,Evaporation of water can lead to,evaporation is when water is drawn back up into the air in the water cycle,blizzards,waterfalls | blizzards | earthquakes | hot springs,,
242,A learned behavior is exhibited when,using tools is a learned characteristic,nailing up a picture frame,squinting in bright light | inhaling and exhaling during sleep | blinking and gulping air | nailing up a picture frame,,
247,What will increase when a substance absorbs solar energy?,if a substance absorbs solar energy then that substance will increase in temperature,hotness,weight | height | hotness | nutrition,,
252,What are iron nails made out of?,iron nails are made of iron,metal,wood | plastic | metal | glass,,
268,The nimbleness of this animal is a key adaption that allows it to escape attacks from predators:,some animals move quickly to escape predators,the antelope,the butterfly | the sloth | the praying mantis | the antelope,,
270,what are eaten by honey producing insects?,bees eat pollen,plant reproduction parts,they consume plants | they eat cows | plant reproduction parts | they eat flowers,,
273,Fruit comes from what source,plants are the source of fruit,an organism that absorbs water through it's roots,an organism that releases carbon dioxide | an organism that absorbs water through it's branches | an organism that absorbs oxygen | an organism that absorbs water through it's roots,,
277,The arctic is white in coloring,the arctic environment is white in color from being covered in snow,because it's blanketed in crystalline ice water,because it's overpopulated with polar bears | because it's covered in white lilies | because it's blanketed in crystalline ice water | because it's gets so little sunlight,,
286,Coral grows in,usually coral lives in warm water,tepid seas,frigid waters | tepid seas | glacial environments | jungle forests,,
308,Cellular respiration's trash is,In the cellular respiration process carbon dioxide is a waste product,a plant's treasure,a bug's treasure | a cow's treasure | a plant's treasure | everyone's trash,,
333,Prey are eaten by,predators eat prey,the fastest mammal with four legs,an animal herded by sheep dogs | the animal with a starring role in Bambi | animals known for their memory | the fastest mammal with four legs,,
345,A stick bug uses what to protect itself from predators?,camouflage is a kind of protection against predators,its appearance,poison | its appearance | speed | hearing,,
374,"if a bat delivers a live offspring, what does this tell us?",a bat births live young,all of these,it is a mammal | calling it a bird is wrong | all of these | it is capable of reproducing,,
376,as you get closer to something it begins to,"as distance from an object decreases , that object will appear larger",grow in size visually,shrinks down to nothing | grow in size visually | show a large shadow | rotate in a clockwise direction,,
401,"If I want to go running at night, what can I use as a reflector?",a reflector is used to reflect light especially on vehicles,Kitchen foil,A black shirt | Kitchen foil | Sunglasses | A megaphone,,
404,"Creatures sometimes have barbs on their backs that they use to sting, all of these do, outside of the",a stinger is used for defense by a wasp,butterfly,wasp | bee | scorpion | butterfly,,
405,A renewable resource is,renewable resources can be used over again,turbine produced electricity,fossil fuel | turbine produced electricity | copper | coal lumps,,
417,Water levels may decrease on cloudless days because,the sun causes water to evaporate more quickly by adding heat,moisture is pulled upwards,water is warmer than the air | air is warmer than water | moisture is pulled upwards | moisture always tries to rise,,
419,Steve was driving on the highway when he rear-ended another car because he didn't see it until he was just a foot away. This could have happened because of,a decrease in visibility while driving can cause people to crash their car,a sudden fog moving into the area,reports of tornadoes in the area | a dog running across the highway behind Steve's car | a sudden fog moving into the area | ice forming on the road,,
428,In solid phase matter has a/an,Matter in the solid phase has definite shape,concrete configuration,concrete configuration | ambiguous form | shapeless form | radioactive glow,,
429,"A school trip is going to study the coral reef for a class. They want to see how strong coral is, and what species of life live in and around it. Therefore, the class",coral lives in the ocean,travels to the seaside,takes a trip to the desert | climbs a tall mountain | travels to the seaside | visits a remote jungle,,
441,"An incandescent bulb's filament produces similar light as an LED bulb, but more",an incandescent light bulb converts electricity into light by sending electricity through a filament,heat,white light | conversion | heat | sound,,
457,when a circle is torn it is,tearing an object changes that object 's shape,changed,doubled | changed | a smaller circle | a square,,
464,Carnivores,carnivores are predators,require prey to survive,eat foliage and vegetables exclusively | are the bottom of the food chain | require prey to survive | require carbon dioxide to survive,,
465,The light that appears dimmest is,"as distance from a source of light increases , that source of light will appear dimmer",a star outside the window,the light in the hall | a light in the room | a star outside the window | a streetlight outside the window,,
478,There is a heightened threat of landslide in,landslides often occur on mountains,The Andes,the desert | The Andes | the ocean | Indiana,,
482,what does a chipmunk do with acorns,a chipmunk eats acorns,transfer them to the stomach,throw them at other chipmunks | leave them where they're found | use them to build shelter | transfer them to the stomach,,
499,Some animals use a liquid coming from their skin to adjust to,sweat is used for adjusting to hot temperatures by some animals,heat,cold | water | heat | humidity,,
